<SOAP-ENV:Envelope xmlns:xsi="http://www.w3.org/2001/XMLSchema-instance" xmlns:xsd="http://www.w3.org/2001/XMLSchema" xmlns:SOAP-ENC="http://schemas.xmlsoap.org/soap/encoding/" xmlns:SOAP-ENV="http://schemas.xmlsoap.org/soap/envelope/" xmlns:clr="http://schemas.microsoft.com/soap/encoding/clr/1.0" SOAP-ENV:encodingStyle="http://schemas.xmlsoap.org/soap/encoding/">
<SOAP-ENV:Body>
<a1:ArrayList id="ref-1" xmlns:a1="http://schemas.microsoft.com/clr/ns/System.Collections">
<_items href="#ref-2"/>
<_size>2</_size>
<_version>2</_version>
</a1:ArrayList>
<SOAP-ENC:Array id="ref-2" SOAP-ENC:arrayType="xsd:anyType[4]">
<item href="#ref-3"/>
<item href="#ref-4"/>
</SOAP-ENC:Array>
<a3:Contact id="ref-3" xmlns:a3="http://schemas.microsoft.com/clr/nsassem/ContactList/ContactList%2C%20Version%3D1.0.0.0%2C%20Culture%3Dneutral%2C%20PublicKeyToken%3Dnull">
<_contactNo>1</_contactNo>
<_contactName id="ref-6">1</_contactName>
<_cellNo id="ref-7">1</_cellNo>
</a3:Contact>
<a3:Contact id="ref-4" xmlns:a3="http://schemas.microsoft.com/clr/nsassem/ContactList/ContactList%2C%20Version%3D1.0.0.0%2C%20Culture%3Dneutral%2C%20PublicKeyToken%3Dnull">
<_contactNo>2</_contactNo>
<_contactName id="ref-8">2</_contactName>
<_cellNo id="ref-9">2</_cellNo>
</a3:Contact>
</SOAP-ENV:Body>
</SOAP-ENV:Envelope>
